<openBVE xmlns:xsi="http://www.w3.org/2001/XMLSchema-instance" xmlns:xsd="http://www.w3.org/2001/XMLSchema">
	<Car>
		<Length>20.2</Length>
		<Width>2.65</Width>
		<Height>3.415</Height>
		<Cargo>Passengers</Cargo>
		<FrontAxle>8</FrontAxle>
		<RearAxle>-8</RearAxle>
		<Object>LRV\LRV.animated</Object>
		<Reversed>False</Reversed>
		<LoadingSway>False</LoadingSway>
		<DriverPosition>0,2.15.7,-1.75</DriverPosition>
		<MotorCar>True</MotorCar>
		<Mass>37000</Mass>
		<ReadhesionDevice>TypeA</ReadhesionDevice>
		<Power>
			<Notches>8</Notches>
			<SpringType>None</SpringType>
			<AccelerationCurves>
				<OpenBVE>
					<StageZeroAcceleration>1</StageZeroAcceleration>
					<StageOneAcceleration>1.2</StageOneAcceleration>
					<StageOneSpeed>5</StageOneSpeed>
					<StageTwoSpeed>5</StageTwoSpeed>
					<StageTwoExponent>6.809861</StageTwoExponent>
				</OpenBVE>
				<OpenBVE>
					<StageZeroAcceleration>2</StageZeroAcceleration>
					<StageOneAcceleration>2.3</StageOneAcceleration>
					<StageOneSpeed>13</StageOneSpeed>
					<StageTwoSpeed>13</StageTwoSpeed>
					<StageTwoExponent>4.809861</StageTwoExponent>
				</OpenBVE>
				<OpenBVE>
					<StageZeroAcceleration>2.5</StageZeroAcceleration>
					<StageOneAcceleration>2.8</StageOneAcceleration>
					<StageOneSpeed>20</StageOneSpeed>
					<StageTwoSpeed>20</StageTwoSpeed>
					<StageTwoExponent>6.809861</StageTwoExponent>
				</OpenBVE>
				<OpenBVE>
					<StageZeroAcceleration>3</StageZeroAcceleration>
					<StageOneAcceleration>3.3</StageOneAcceleration>
					<StageOneSpeed>28</StageOneSpeed>
					<StageTwoSpeed>28</StageTwoSpeed>
					<StageTwoExponent>6.809861</StageTwoExponent>
				</OpenBVE>
				<OpenBVE>
					<StageZeroAcceleration>4</StageZeroAcceleration>
					<StageOneAcceleration>4.3</StageOneAcceleration>
					<StageOneSpeed>35</StageOneSpeed>
					<StageTwoSpeed>35</StageTwoSpeed>
					<StageTwoExponent>8.809861</StageTwoExponent>
				</OpenBVE>
				<OpenBVE>
					<StageZeroAcceleration>4.5</StageZeroAcceleration>
					<StageOneAcceleration>4.8</StageOneAcceleration>
					<StageOneSpeed>45</StageOneSpeed>
					<StageTwoSpeed>45</StageTwoSpeed>
					<StageTwoExponent>9.809861</StageTwoExponent>
				</OpenBVE>
				<OpenBVE>
					<StageZeroAcceleration>5</StageZeroAcceleration>
					<StageOneAcceleration>5.3</StageOneAcceleration>
					<StageOneSpeed>62</StageOneSpeed>
					<StageTwoSpeed>62</StageTwoSpeed>
					<StageTwoExponent>14.209861</StageTwoExponent>
				</OpenBVE>
				<OpenBVE>
					<StageZeroAcceleration>5.8</StageZeroAcceleration>
					<StageOneAcceleration>6.2</StageOneAcceleration>
					<StageOneSpeed>80</StageOneSpeed>
					<StageTwoSpeed>80</StageTwoSpeed>
					<StageTwoExponent>17.809861</StageTwoExponent>
				</OpenBVE>
			</AccelerationCurves>
		</Power>
		<Brake>
			<Handle>
				<Notches>7</Notches>
			</Handle>
			<MainReservoir>
				<MinimumPressure>686000</MinimumPressure>
				<MaximumPressure>834000</MaximumPressure>
			</MainReservoir>
			<AuxiliaryReservoir>
				<ChargeRate>200000.0</ChargeRate>
			</AuxiliaryReservoir>
			<EqualizingReservoir>
				<ServiceRate>50000.0</ServiceRate>
				<EmergencyRate>250000.0</EmergencyRate>
				<ChargeRate>200000.0</ChargeRate>
			</EqualizingReservoir>
			<BrakePipe>
				<NormalPressure>630750</NormalPressure>
				<ServiceRate>1500000.0</ServiceRate>
				<EmergencyRate>5000000.0</EmergencyRate>
				<ChargeRate>10000000.0</ChargeRate>
			</BrakePipe>
			<StraightAirPipe>
				<ServiceRate>300000.0</ServiceRate>
				<EmergencyRate>400000.0</EmergencyRate>
				<ReleaseRate>200000.0</ReleaseRate>
			</StraightAirPipe>
			<BrakeCylinder>
				<ServiceMaximumPressure>400000</ServiceMaximumPressure>
				<EmergencyMaximumPressure>465000</EmergencyMaximumPressure>
				<EmergencyRate>203000</EmergencyRate>
				<ReleaseRate>209000</ReleaseRate>
			</BrakeCylinder>
		</Brake>
		<Doors>
			<Width>0.9</Width>
			<Tolerance>0</Tolerance>
		</Doors>
		<Sanders>
			<Type>PressAndHold</Type>
			<Rate>1</Rate>
			<SandLevel>100</SandLevel>
			<ApplicationTime>4</ApplicationTime>
			<ActivationTime>2</ActivationTime>
		</Sanders>
		<LoadingSway>True</LoadingSway>
	</Car>
</openBVE>
